Tm,0,1,2,3,4,5,6,7,8,9,10,11,12,13,Games,Matches
KC,9,13,26,15,19,17,25,9,7,6,5,2,4,2,163,14
MIN,5,13,23,20,24,14,18,12,12,7,6,3,1,2,162,14
BAL,7,17,24,26,17,22,20,11,8,7,0,2,1,1,166,13
TEX,13,17,18,19,21,19,19,12,6,8,5,2,1,1,162,14
MIA,14,13,23,23,17,12,21,14,11,9,1,1,0,1,162,13
CHW,12,29,20,16,21,20,11,7,8,9,6,4,3,0,168,13
CIN,12,12,18,21,16,24,13,9,18,8,8,0,0,2,165,12
PIT,15,18,17,22,20,21,12,6,13,5,6,7,3,0,165,13
PHI,20,18,17,18,22,20,18,7,5,8,4,3,4,1,166,14
WSH,5,12,17,27,21,22,16,14,7,4,5,4,1,2,162,14
TOR,14,23,19,24,19,15,14,17,8,2,2,1,2,2,165,14
COL,3,11,19,20,12,13,17,22,12,15,7,5,3,2,164,14
ATL,13,17,39,30,14,16,12,13,6,3,3,2,2,0,171,13
ATH,7,10,22,13,20,20,15,8,9,14,4,4,4,5,162,14
CHC,9,12,36,21,23,18,19,6,9,5,3,1,2,1,167,14
LAA,11,21,15,19,18,17,16,17,12,6,1,3,3,0,162,13
MIL,15,26,26,27,24,15,8,10,4,4,0,2,2,0,167,12
TB,16,28,25,18,20,11,18,6,5,6,8,1,3,0,166,13
STL,13,18,17,18,21,22,20,10,8,7,6,3,1,1,166,14
NYM,9,16,31,22,21,15,15,13,7,7,2,1,2,0,166,13
HOU,12,17,17,27,15,18,13,11,12,8,6,2,5,0,165,13
BOS,21,24,19,26,24,7,16,5,14,5,3,1,0,1,167,13
SEA,10,18,25,17,16,19,19,18,9,2,4,3,0,0,162,12
NYY,21,22,27,26,19,19,13,7,4,3,4,3,1,1,170,14
SD,12,15,29,25,22,18,12,14,7,6,1,1,2,0,166,13
SF,12,15,21,23,15,21,20,9,9,6,8,0,1,3,165,13
LAD,15,24,24,27,23,15,12,10,4,6,2,0,1,2,165,13
CLE,10,21,31,26,16,17,20,8,3,7,3,3,1,2,168,14
ARI,11,16,20,28,19,17,15,14,5,5,5,3,0,2,163,13
DET,17,21,18,27,27,13,7,10,7,7,5,3,1,0,164,13
